{
  "version": "2024.1",
  "applications": [],
  "platforms": [
    {
      "name": "SOC_NeoPixel_AXI"
    }
  ],
  "systems": [
    {
      "name": "NeoPixel_AXI_App_system",
      "platform": "C:/DevWorks/SOC_NeoPixel_Axi/VITIS/SOC_NeoPixel_AXI/export/SOC_NeoPixel_AXI/SOC_NeoPixel_AXI.xpfm",
      "sysConfig": "SOC_NeoPixel_AXI",
      "buildConfig": "Debug",
      "applications": [
        {
          "name": "NeoPixel_AXI_App",
          "platform": "C:/DevWorks/SOC_NeoPixel_Axi/VITIS/SOC_NeoPixel_AXI/export/SOC_NeoPixel_AXI/SOC_NeoPixel_AXI.xpfm",
          "platformPath": "C:\\DevWorks\\SOC_NeoPixel_Axi\\VITIS\\SOC_NeoPixel_AXI\\export\\SOC_NeoPixel_AXI",
          "sysConfig": "SOC_NeoPixel_AXI",
          "domain": "standalone_ps7_cortexa9_0",
          "system": "NeoPixel_AXI_App_system"
        }
      ],
      "platformPath": "C:\\DevWorks\\SOC_NeoPixel_Axi\\VITIS\\SOC_NeoPixel_AXI\\export\\SOC_NeoPixel_AXI"
    }
  ],
  "others": []
}