{
  "version": "2024.1",
  "applications": [],
  "platforms": [
    {
      "name": "SOC_NeoPixel_Axi"
    }
  ],
  "systems": [
    {
      "name": "Neopixel_4modes_app_system",
      "platform": "C:/DevWorks/SOC_NeoPixel_Axi/Neopixel_App/SOC_NeoPixel_Axi/export/SOC_NeoPixel_Axi/SOC_NeoPixel_Axi.xpfm",
      "sysConfig": "SOC_NeoPixel_Axi",
      "buildConfig": "Debug",
      "applications": [
        {
          "name": "Neopixel_4modes_app",
          "platform": "C:/DevWorks/SOC_NeoPixel_Axi/Neopixel_App/SOC_NeoPixel_Axi/export/SOC_NeoPixel_Axi/SOC_NeoPixel_Axi.xpfm",
          "platformPath": "C:\\DevWorks\\SOC_NeoPixel_Axi\\Neopixel_App\\SOC_NeoPixel_Axi\\export\\SOC_NeoPixel_Axi",
          "sysConfig": "SOC_NeoPixel_Axi",
          "domain": "standalone_ps7_cortexa9_0",
          "system": "Neopixel_4modes_app_system"
        }
      ],
      "platformPath": "C:\\DevWorks\\SOC_NeoPixel_Axi\\Neopixel_App\\SOC_NeoPixel_Axi\\export\\SOC_NeoPixel_Axi"
    }
  ],
  "others": []
}